10;1;Wędki muchowe;2;0;;wedki-muchowe;wedki-muchowe;wedki-muchowe;wedki-muchowe;;;https://flyhouse.pl/pl/wedki-muchowe/;
11;1;Wędki muchowe Orvis;10;0;;wedki-muchowe-orvis;wedki-muchowe-orvis;wedki-muchowe-orvis;wedki-muchowe-orvis; https://flyhouse.pl/c/13-category_default/wedki-muchowe-orvis.jpg/img/c/cat_deafult.jpg;;https://flyhouse.pl/pl/wedki-muchowe/wedki-muchowe-orvis/;
12;1;Wędki muchowe ECHO;10;0;;wedki-muchowe-echo;wedki-muchowe-echo;wedki-muchowe-echo;wedki-muchowe-echo; https://flyhouse.pl/c/104-category_default/wedki-muchowe-echo.jpg/img/c/cat_deafult.jpg;;https://flyhouse.pl/pl/wedki-muchowe/wedki-muchowe-echo/;
13;1;Wędki muchowe Echo jednoręczne;12;0;;wedki-muchowe-echo-jednoreczne;wedki-muchowe-echo-jednoreczne;wedki-muchowe-echo-jednoreczne;wedki-muchowe-echo-jednoreczne; https://flyhouse.pl/c/105-category_default/wedki-muchowe-echo-jednoreczne.jpg/img/c/cat_deafult.jpg;;https://flyhouse.pl/pl/wedki-muchowe/wedki-muchowe-echo/wedki-muchowe-echo-jednoreczne/;
14;1;Wędki muchowe Echo dwuręczne;12;0;;wedki-muchowe-echo-dwureczne;wedki-muchowe-echo-dwureczne;wedki-muchowe-echo-dwureczne;wedki-muchowe-echo-dwureczne; https://flyhouse.pl/c/106-category_default/wedki-muchowe-echo-dwureczne.jpg/img/c/cat_deafult.jpg;;https://flyhouse.pl/pl/wedki-muchowe/wedki-muchowe-echo/wedki-muchowe-echo-dwureczne/;
15;1;Wędki muchowe Traper;10;0;;wedki-muchowe-traper;wedki-muchowe-traper;wedki-muchowe-traper;wedki-muchowe-traper; https://flyhouse.pl/c/113-category_default/wedki-muchowe-traper.jpg/img/c/cat_deafult.jpg;;https://flyhouse.pl/pl/wedki-muchowe/wedki-muchowe-traper/;
16;1;Wędki muchowe R.L. Winston;10;0;;wedki-muchowe-rl-winston;wedki-muchowe-rl-winston;wedki-muchowe-rl-winston;wedki-muchowe-rl-winston; https://flyhouse.pl/c/109-category_default/wedki-muchowe-rl-winston.jpg/img/c/cat_deafult.jpg;;https://flyhouse.pl/pl/wedki-muchowe/wedki-muchowe-rl-winston/;
17;1;Wędki muchowe Thomas & Thomas;10;0;;wedki-muchowe-thomas-thomas;wedki-muchowe-thomas-thomas;wedki-muchowe-thomas-thomas;wedki-muchowe-thomas-thomas; https://flyhouse.pl/c/108-category_default/wedki-muchowe-thomas-thomas.jpg/img/c/cat_deafult.jpg;;https://flyhouse.pl/pl/wedki-muchowe/wedki-muchowe-thomas-thomas/;
18;1;Wędki muchowe Redington;10;0;;wedki-muchowe-redington;wedki-muchowe-redington;wedki-muchowe-redington;wedki-muchowe-redington; https://flyhouse.pl/c/121-category_default/wedki-muchowe-redington.jpg/img/c/cat_deafult.jpg;;https://flyhouse.pl/pl/wedki-muchowe/wedki-muchowe-redington/;
19;1;Kołowrotki muchowe;2;0;;kolowrotki-muchowe;kolowrotki-muchowe;kolowrotki-muchowe;kolowrotki-muchowe;;;https://flyhouse.pl/pl/kolowrotki-muchowe/;
20;1;Kołowrotki muchowe Orvis;19;0;;kolowrotki-muchowe-orvis;kolowrotki-muchowe-orvis;kolowrotki-muchowe-orvis;kolowrotki-muchowe-orvis; https://flyhouse.pl/c/28-category_default/kolowrotki-muchowe-orvis.jpg/img/c/cat_deafult.jpg;;https://flyhouse.pl/pl/kolowrotki-muchowe/kolowrotki-muchowe-orvis/;
21;1;Kołowrotki muchowe Redington;19;0;;kolowrotki-muchowe-redington;kolowrotki-muchowe-redington;kolowrotki-muchowe-redington;kolowrotki-muchowe-redington; https://flyhouse.pl/c/122-category_default/kolowrotki-muchowe-redington.jpg/img/c/cat_deafult.jpg;;https://flyhouse.pl/pl/kolowrotki-muchowe/kolowrotki-muchowe-redington/;
22;1;Kołowrotki muchowe ECHO;19;0;;kolowrotki-muchowe-echo;kolowrotki-muchowe-echo;kolowrotki-muchowe-echo;kolowrotki-muchowe-echo; https://flyhouse.pl/c/107-category_default/kolowrotki-muchowe-echo.jpg/img/c/cat_deafult.jpg;;https://flyhouse.pl/pl/kolowrotki-muchowe/kolowrotki-muchowe-echo/;
23;1;Kołowrotki muchowe Lamson;19;0;;kolowrotki-muchowe-lamson;kolowrotki-muchowe-lamson;kolowrotki-muchowe-lamson;kolowrotki-muchowe-lamson; https://flyhouse.pl/c/112-category_default/kolowrotki-muchowe-lamson.jpg/img/c/cat_deafult.jpg;;https://flyhouse.pl/pl/kolowrotki-muchowe/kolowrotki-muchowe-lamson/;
24;1;Kołowrotki muchowe Traper;19;0;;kolowrotki-muchowe-traper;kolowrotki-muchowe-traper;kolowrotki-muchowe-traper;kolowrotki-muchowe-traper; https://flyhouse.pl/c/118-category_default/kolowrotki-muchowe-traper.jpg/img/c/cat_deafult.jpg;;https://flyhouse.pl/pl/kolowrotki-muchowe/kolowrotki-muchowe-traper/;
25;1;Linki muchowe;2;0;;linki-muchowe;linki-muchowe;linki-muchowe;linki-muchowe;;;https://flyhouse.pl/pl/linki-muchowe/;
26;1;Linki pływające;25;0;;linki-plywajace;linki-plywajace;linki-plywajace;linki-plywajace; https://flyhouse.pl/c/30-category_default/linki-plywajace.jpg/img/c/cat_deafult.jpg;;https://flyhouse.pl/pl/linki-muchowe/linki-plywajace/;
27;1;Linki tonące;25;0;;linki-tonace;linki-tonace;linki-tonace;linki-tonace; https://flyhouse.pl/c/31-category_default/linki-tonace.jpg/img/c/cat_deafult.jpg;;https://flyhouse.pl/pl/linki-muchowe/linki-tonace/;
28;1;Linki Sink Tip;25;0;;linki-sink-tip;linki-sink-tip;linki-sink-tip;linki-sink-tip; https://flyhouse.pl/c/32-category_default/linki-sink-tip.jpg/img/c/cat_deafult.jpg;;https://flyhouse.pl/pl/linki-muchowe/linki-sink-tip/;
29;1;Linki morskie;25;0;;linki-morskie;linki-morskie;linki-morskie;linki-morskie; https://flyhouse.pl/c/33-category_default/linki-morskie.jpg/img/c/cat_deafult.jpg;;https://flyhouse.pl/pl/linki-muchowe/linki-morskie/;
30;1;Linki Switch & Spey Tips;25;0;;linki-switch-spey-tips;linki-switch-spey-tips;linki-switch-spey-tips;linki-switch-spey-tips; https://flyhouse.pl/c/34-category_default/linki-switch-spey-tips.jpg/img/c/cat_deafult.jpg;;https://flyhouse.pl/pl/linki-muchowe/linki-switch-spey-tips/;
31;1;Głowice rzutowe;25;0;;glowice-rzutowe;glowice-rzutowe;glowice-rzutowe;glowice-rzutowe; https://flyhouse.pl/c/35-category_default/glowice-rzutowe.jpg/img/c/cat_deafult.jpg;;https://flyhouse.pl/pl/linki-muchowe/glowice-rzutowe/;
32;1;Runningi;25;0;;runningi;runningi;runningi;runningi; https://flyhouse.pl/c/36-category_default/runningi.jpg/img/c/cat_deafult.jpg;;https://flyhouse.pl/pl/linki-muchowe/runningi/;
33;1;Akcesoria do linek;25;0;;akcesoria-do-linek;akcesoria-do-linek;akcesoria-do-linek;akcesoria-do-linek; https://flyhouse.pl/c/37-category_default/akcesoria-do-linek.jpg/img/c/cat_deafult.jpg;;https://flyhouse.pl/pl/linki-muchowe/akcesoria-do-linek/;
34;1;Linki muchowe Euro Nymph;25;0;;linki-muchowe-euro-nymph;linki-muchowe-euro-nymph;linki-muchowe-euro-nymph;linki-muchowe-euro-nymph; https://flyhouse.pl/c/127-category_default/linki-muchowe-euro-nymph.jpg/img/c/cat_deafult.jpg;;https://flyhouse.pl/pl/linki-muchowe/linki-muchowe-euro-nymph/;
35;1;Żyłki, podkłady muchowe, przypony muchowe;2;0;;zylki-podklady-muchowe-przypony-muchowe;zylki-podklady-muchowe-przypony-muchowe;zylki-podklady-muchowe-przypony-muchowe;zylki-podklady-muchowe-przypony-muchowe;;;https://flyhouse.pl/pl/zylki-podklady-muchowe-przypony-muchowe/;
36;1;Przypony koniczne;35;0;;przypony-koniczne;przypony-koniczne;przypony-koniczne;przypony-koniczne; https://flyhouse.pl/c/43-category_default/przypony-koniczne.jpg/img/c/cat_deafult.jpg;;https://flyhouse.pl/pl/zylki-podklady-muchowe-przypony-muchowe/przypony-koniczne/;
37;1;Przypony tonące i specjalne;35;0;;przypony-tonace-i-specjalne;przypony-tonace-i-specjalne;przypony-tonace-i-specjalne;przypony-tonace-i-specjalne; https://flyhouse.pl/c/44-category_default/przypony-tonace-i-specjalne.jpg/img/c/cat_deafult.jpg;;https://flyhouse.pl/pl/zylki-podklady-muchowe-przypony-muchowe/przypony-tonace-i-specjalne/;
38;1;Żyłki;35;0;;zylki;zylki;zylki;zylki; https://flyhouse.pl/c/45-category_default/zylki.jpg/img/c/cat_deafult.jpg;;https://flyhouse.pl/pl/zylki-podklady-muchowe-przypony-muchowe/zylki/;
39;1;Podkłady dakronowe;35;0;;podklady-dakronowe;podklady-dakronowe;podklady-dakronowe;podklady-dakronowe; https://flyhouse.pl/c/46-category_default/podklady-dakronowe.jpg/img/c/cat_deafult.jpg;;https://flyhouse.pl/pl/zylki-podklady-muchowe-przypony-muchowe/podklady-dakronowe/;
40;1;Podkłady GEL-SPUN;35;0;;podklady-gel-spun;podklady-gel-spun;podklady-gel-spun;podklady-gel-spun; https://flyhouse.pl/c/47-category_default/podklady-gel-spun.jpg/img/c/cat_deafult.jpg;;https://flyhouse.pl/pl/zylki-podklady-muchowe-przypony-muchowe/podklady-gel-spun/;
41;1;Akcesoria do żyłek;35;0;;akcesoria-do-zylek;akcesoria-do-zylek;akcesoria-do-zylek;akcesoria-do-zylek; https://flyhouse.pl/c/48-category_default/akcesoria-do-zylek.jpg/img/c/cat_deafult.jpg;;https://flyhouse.pl/pl/zylki-podklady-muchowe-przypony-muchowe/akcesoria-do-zylek/;
42;1;Akcesoria wędkarskie;2;0;;akcesoria-wedkarskie;akcesoria-wedkarskie;akcesoria-wedkarskie;akcesoria-wedkarskie;;;https://flyhouse.pl/pl/akcesoria-wedkarskie/;
43;1;Szczypce i narzędzia;42;0;;szczypce-i-narzedzia;szczypce-i-narzedzia;szczypce-i-narzedzia;szczypce-i-narzedzia; https://flyhouse.pl/c/49-category_default/szczypce-i-narzedzia.jpg/img/c/cat_deafult.jpg;;https://flyhouse.pl/pl/akcesoria-wedkarskie/szczypce-i-narzedzia/;
44;1;Obcinaczki;42;0;;obcinaczki;obcinaczki;obcinaczki;obcinaczki; https://flyhouse.pl/c/50-category_default/obcinaczki.jpg/img/c/cat_deafult.jpg;;https://flyhouse.pl/pl/akcesoria-wedkarskie/obcinaczki/;
45;1;Zingery i holdery;42;0;;zingery-i-holdery;zingery-i-holdery;zingery-i-holdery;zingery-i-holdery; https://flyhouse.pl/c/51-category_default/zingery-i-holdery.jpg/img/c/cat_deafult.jpg;;https://flyhouse.pl/pl/akcesoria-wedkarskie/zingery-i-holdery/;
46;1;Smary, żele, patki;42;0;;smary-zele-patki;smary-zele-patki;smary-zele-patki;smary-zele-patki; https://flyhouse.pl/c/52-category_default/smary-zele-patki.jpg/img/c/cat_deafult.jpg;;https://flyhouse.pl/pl/akcesoria-wedkarskie/smary-zele-patki/;
47;1;Indykatory;42;0;;indykatory;indykatory;indykatory;indykatory; https://flyhouse.pl/c/53-category_default/indykatory.jpg/img/c/cat_deafult.jpg;;https://flyhouse.pl/pl/akcesoria-wedkarskie/indykatory/;
48;1;Podbieraki;42;0;;podbieraki;podbieraki;podbieraki;podbieraki; https://flyhouse.pl/c/54-category_default/podbieraki.jpg/img/c/cat_deafult.jpg;;https://flyhouse.pl/pl/akcesoria-wedkarskie/podbieraki/;
49;1;Pudełka na muchy;42;0;;pudelka-na-muchy;pudelka-na-muchy;pudelka-na-muchy;pudelka-na-muchy; https://flyhouse.pl/c/55-category_default/pudelka-na-muchy.jpg/img/c/cat_deafult.jpg;;https://flyhouse.pl/pl/akcesoria-wedkarskie/pudelka-na-muchy/;
50;1;Akcesoria do brodzenia;42;0;;akcesoria-do-brodzenia;akcesoria-do-brodzenia;akcesoria-do-brodzenia;akcesoria-do-brodzenia; https://flyhouse.pl/c/56-category_default/akcesoria-do-brodzenia.jpg/img/c/cat_deafult.jpg;;https://flyhouse.pl/pl/akcesoria-wedkarskie/akcesoria-do-brodzenia/;
51;1;Nauka rzutów;42;0;;nauka-rzutow;nauka-rzutow;nauka-rzutow;nauka-rzutow; https://flyhouse.pl/c/57-category_default/nauka-rzutow.jpg/img/c/cat_deafult.jpg;;https://flyhouse.pl/pl/akcesoria-wedkarskie/nauka-rzutow/;
52;1;Pozostałe;42;0;;pozostale;pozostale;pozostale;pozostale; https://flyhouse.pl/c/58-category_default/pozostale.jpg/img/c/cat_deafult.jpg;;https://flyhouse.pl/pl/akcesoria-wedkarskie/pozostale/;
53;1;Impregnaty, kleje;42;0;;impregnaty-kleje;impregnaty-kleje;impregnaty-kleje;impregnaty-kleje; https://flyhouse.pl/c/77-category_default/impregnaty-kleje.jpg/img/c/cat_deafult.jpg;;https://flyhouse.pl/pl/akcesoria-wedkarskie/impregnaty-kleje/;
54;1;Wodery do brodzenia;2;0;;wodery-do-brodzenia;wodery-do-brodzenia;wodery-do-brodzenia;wodery-do-brodzenia;;;https://flyhouse.pl/pl/wodery-do-brodzenia/;
55;1;Wodery Orvis;54;0;;wodery-orvis;wodery-orvis;wodery-orvis;wodery-orvis; https://flyhouse.pl/c/38-category_default/wodery-orvis.jpg/img/c/cat_deafult.jpg;;https://flyhouse.pl/pl/wodery-do-brodzenia/wodery-orvis/;
56;1;Wodery Simms;54;0;;wodery-simms;wodery-simms;wodery-simms;wodery-simms; https://flyhouse.pl/c/110-category_default/wodery-simms.jpg/img/c/cat_deafult.jpg;;https://flyhouse.pl/pl/wodery-do-brodzenia/wodery-simms/;
57;1;Wodery Patagonia;54;0;;wodery-patagonia;wodery-patagonia;wodery-patagonia;wodery-patagonia; https://flyhouse.pl/c/120-category_default/wodery-patagonia.jpg/img/c/cat_deafult.jpg;;https://flyhouse.pl/pl/wodery-do-brodzenia/wodery-patagonia/;
58;1;Wodery Traper;54;0;;wodery-traper;wodery-traper;wodery-traper;wodery-traper; https://flyhouse.pl/c/119-category_default/wodery-traper.jpg/img/c/cat_deafult.jpg;;https://flyhouse.pl/pl/wodery-do-brodzenia/wodery-traper/;
59;1;Buty do brodzenia i akcesoria do butów;2;0;;buty-do-brodzenia-i-akcesoria-do-butow;buty-do-brodzenia-i-akcesoria-do-butow;buty-do-brodzenia-i-akcesoria-do-butow;buty-do-brodzenia-i-akcesoria-do-butow;;;https://flyhouse.pl/pl/buty-do-brodzenia-i-akcesoria-do-butow/;
60;1;Buty do brodzenia męskie;59;0;;buty-do-brodzenia-meskie;buty-do-brodzenia-meskie;buty-do-brodzenia-meskie;buty-do-brodzenia-meskie; https://flyhouse.pl/c/39-category_default/buty-do-brodzenia-meskie.jpg/img/c/cat_deafult.jpg;;https://flyhouse.pl/pl/buty-do-brodzenia-i-akcesoria-do-butow/buty-do-brodzenia-meskie/;
61;1;Buty do brodzenia damskie;59;0;;buty-do-brodzenia-damskie;buty-do-brodzenia-damskie;buty-do-brodzenia-damskie;buty-do-brodzenia-damskie; https://flyhouse.pl/c/40-category_default/buty-do-brodzenia-damskie.jpg/img/c/cat_deafult.jpg;;https://flyhouse.pl/pl/buty-do-brodzenia-i-akcesoria-do-butow/buty-do-brodzenia-damskie/;
62;1;Buty do brodzenia morskie;59;0;;buty-do-brodzenia-morskie;buty-do-brodzenia-morskie;buty-do-brodzenia-morskie;buty-do-brodzenia-morskie; https://flyhouse.pl/c/41-category_default/buty-do-brodzenia-morskie.jpg/img/c/cat_deafult.jpg;;https://flyhouse.pl/pl/buty-do-brodzenia-i-akcesoria-do-butow/buty-do-brodzenia-morskie/;
63;1;Akcesoria do butów;59;0;;akcesoria_do_butow;akcesoria_do_butow;akcesoria_do_butow;akcesoria_do_butow; https://flyhouse.pl/c/42-category_default/akcesoria_do_butow.jpg/img/c/cat_deafult.jpg;;https://flyhouse.pl/pl/buty-do-brodzenia-i-akcesoria-do-butow/akcesoria_do_butow/;
64;1;Ubrania wędkarskie;2;0;;ubrania-wedkarskie;ubrania-wedkarskie;ubrania-wedkarskie;ubrania-wedkarskie;;;https://flyhouse.pl/pl/ubrania-wedkarskie/;
65;1;Kamizelki;64;0;;kamizelki;kamizelki;kamizelki;kamizelki; https://flyhouse.pl/c/59-category_default/kamizelki.jpg/img/c/cat_deafult.jpg;;https://flyhouse.pl/pl/ubrania-wedkarskie/kamizelki/;
66;1;Kurtki;64;0;;kurtki;kurtki;kurtki;kurtki; https://flyhouse.pl/c/60-category_default/kurtki.jpg/img/c/cat_deafult.jpg;;https://flyhouse.pl/pl/ubrania-wedkarskie/kurtki/;
67;1;Ocieplacze;64;0;;ocieplacze;ocieplacze;ocieplacze;ocieplacze; https://flyhouse.pl/c/62-category_default/ocieplacze.jpg/img/c/cat_deafult.jpg;;https://flyhouse.pl/pl/ubrania-wedkarskie/ocieplacze/;
68;1;Bluzy i polary;64;0;;bluzy-i-polary;bluzy-i-polary;bluzy-i-polary;bluzy-i-polary; https://flyhouse.pl/c/63-category_default/bluzy-i-polary.jpg/img/c/cat_deafult.jpg;;https://flyhouse.pl/pl/ubrania-wedkarskie/bluzy-i-polary/;
69;1;T-shirt;64;0;;t-shirt;t-shirt;t-shirt;t-shirt; https://flyhouse.pl/c/64-category_default/t-shirt.jpg/img/c/cat_deafult.jpg;;https://flyhouse.pl/pl/ubrania-wedkarskie/t-shirt/;
70;1;Koszulki z długim rękawem;64;0;;koszulki-z-dlugim-rekawem;koszulki-z-dlugim-rekawem;koszulki-z-dlugim-rekawem;koszulki-z-dlugim-rekawem; https://flyhouse.pl/c/65-category_default/koszulki-z-dlugim-rekawem.jpg/img/c/cat_deafult.jpg;;https://flyhouse.pl/pl/ubrania-wedkarskie/koszulki-z-dlugim-rekawem/;
71;1;Koszule;64;0;;koszule-ls;koszule-ls;koszule-ls;koszule-ls; https://flyhouse.pl/c/66-category_default/koszule-ls.jpg/img/c/cat_deafult.jpg;;https://flyhouse.pl/pl/ubrania-wedkarskie/koszule-ls/;
72;1;Spodnie;64;0;;spodnie-wedkarskie;spodnie-wedkarskie;spodnie-wedkarskie;spodnie-wedkarskie; https://flyhouse.pl/c/67-category_default/spodnie-wedkarskie.jpg/img/c/cat_deafult.jpg;;https://flyhouse.pl/pl/ubrania-wedkarskie/spodnie-wedkarskie/;
73;1;Czapki i kapelusze;64;0;;czapki-i-kapelusze;czapki-i-kapelusze;czapki-i-kapelusze;czapki-i-kapelusze; https://flyhouse.pl/c/68-category_default/czapki-i-kapelusze.jpg/img/c/cat_deafult.jpg;;https://flyhouse.pl/pl/ubrania-wedkarskie/czapki-i-kapelusze/;
74;1;Skarpety i rękawice;64;0;;skarpety-i-rekawice;skarpety-i-rekawice;skarpety-i-rekawice;skarpety-i-rekawice; https://flyhouse.pl/c/69-category_default/skarpety-i-rekawice.jpg/img/c/cat_deafult.jpg;;https://flyhouse.pl/pl/ubrania-wedkarskie/skarpety-i-rekawice/;
75;1;Okulary wędkarskie;2;0;;okulary-wedkarskie;okulary-wedkarskie;okulary-wedkarskie;okulary-wedkarskie;;;https://flyhouse.pl/pl/okulary-wedkarskie/;
76;1;Okulary Orvis;75;0;;okulary-orvis;okulary-orvis;okulary-orvis;okulary-orvis; https://flyhouse.pl/c/71-category_default/okulary-orvis.jpg/img/c/cat_deafult.jpg;;https://flyhouse.pl/pl/okulary-wedkarskie/okulary-orvis/;
77;1;Okulary Smith;75;0;;okulary-smith;okulary-smith;okulary-smith;okulary-smith; https://flyhouse.pl/c/75-category_default/okulary-smith.jpg/img/c/cat_deafult.jpg;;https://flyhouse.pl/pl/okulary-wedkarskie/okulary-smith/;
78;1;Okulary powiększające;75;0;;okulary-powiekszajace;okulary-powiekszajace;okulary-powiekszajace;okulary-powiekszajace; https://flyhouse.pl/c/72-category_default/okulary-powiekszajace.jpg/img/c/cat_deafult.jpg;;https://flyhouse.pl/pl/okulary-wedkarskie/okulary-powiekszajace/;
79;1;Okulary Cocoons;75;0;;okulary-cocoons;okulary-cocoons;okulary-cocoons;okulary-cocoons; https://flyhouse.pl/c/73-category_default/okulary-cocoons.jpg/img/c/cat_deafult.jpg;;https://flyhouse.pl/pl/okulary-wedkarskie/okulary-cocoons/;
80;1;Okulary Vistana;75;0;;okulary-vistana;okulary-vistana;okulary-vistana;okulary-vistana; https://flyhouse.pl/c/74-category_default/okulary-vistana.jpg/img/c/cat_deafult.jpg;;https://flyhouse.pl/pl/okulary-wedkarskie/okulary-vistana/;
81;1;Akcesoria do okularów;75;0;;akcesoria-do-okularow;akcesoria-do-okularow;akcesoria-do-okularow;akcesoria-do-okularow; https://flyhouse.pl/c/76-category_default/akcesoria-do-okularow.jpg/img/c/cat_deafult.jpg;;https://flyhouse.pl/pl/okulary-wedkarskie/akcesoria-do-okularow/;
82;1;Pływadełka i akcesoria;2;0;;plywadelka-akcesoria;plywadelka-akcesoria;plywadelka-akcesoria;plywadelka-akcesoria;;;https://flyhouse.pl/pl/plywadelka-akcesoria/;
83;1;Pływadełka;82;0;;belly-boat-fh;belly-boat-fh;belly-boat-fh;belly-boat-fh; https://flyhouse.pl/c/81-category_default/belly-boat-fh.jpg/img/c/cat_deafult.jpg;;https://flyhouse.pl/pl/plywadelka-akcesoria/belly-boat-fh/;
84;1;Akcesoria;82;0;;akcesoria-belly-bout;akcesoria-belly-bout;akcesoria-belly-bout;akcesoria-belly-bout; https://flyhouse.pl/c/82-category_default/akcesoria-belly-bout.jpg/img/c/cat_deafult.jpg;;https://flyhouse.pl/pl/plywadelka-akcesoria/akcesoria-belly-bout/;
85;1;Torby;2;0;;torby;torby;torby;torby;;;https://flyhouse.pl/pl/torby/;
86;1;Pokrowce i torby;85;0;;pokrowce-i-torby;pokrowce-i-torby;pokrowce-i-torby;pokrowce-i-torby; https://flyhouse.pl/c/83-category_default/pokrowce-i-torby.jpg/img/c/cat_deafult.jpg;;https://flyhouse.pl/pl/torby/pokrowce-i-torby/;
87;1;Plecaki;85;0;;plecaki;plecaki;plecaki;plecaki; https://flyhouse.pl/c/84-category_default/plecaki.jpg/img/c/cat_deafult.jpg;;https://flyhouse.pl/pl/torby/plecaki/;
88;1;Torby skórzane;85;0;;torby-skorzane;torby-skorzane;torby-skorzane;torby-skorzane; https://flyhouse.pl/c/85-category_default/torby-skorzane.jpg/img/c/cat_deafult.jpg;;https://flyhouse.pl/pl/torby/torby-skorzane/;
89;1;Materiały Muchowe;2;0;;materialy-muchowe;materialy-muchowe;materialy-muchowe;materialy-muchowe;;;https://flyhouse.pl/pl/materialy-muchowe/;
90;1;Pióra i kapki;89;0;;piora-i-kapki;piora-i-kapki;piora-i-kapki;piora-i-kapki; https://flyhouse.pl/c/86-category_default/piora-i-kapki.jpg/img/c/cat_deafult.jpg;;https://flyhouse.pl/pl/materialy-muchowe/piora-i-kapki/;
91;1;Pióra premium;89;0;;piora-premium-;piora-premium-;piora-premium-;piora-premium-; https://flyhouse.pl/c/87-category_default/piora-premium-.jpg/img/c/cat_deafult.jpg;;https://flyhouse.pl/pl/materialy-muchowe/piora-premium-/;
92;1;Sierści;89;0;;siersci;siersci;siersci;siersci; https://flyhouse.pl/c/88-category_default/siersci.jpg/img/c/cat_deafult.jpg;;https://flyhouse.pl/pl/materialy-muchowe/siersci/;
93;1;Dubbingi;89;0;;dubbingi;dubbingi;dubbingi;dubbingi; https://flyhouse.pl/c/89-category_default/dubbingi.jpg/img/c/cat_deafult.jpg;;https://flyhouse.pl/pl/materialy-muchowe/dubbingi/;
94;1;Syntetyki;89;0;;syntetyki;syntetyki;syntetyki;syntetyki; https://flyhouse.pl/c/90-category_default/syntetyki.jpg/img/c/cat_deafult.jpg;;https://flyhouse.pl/pl/materialy-muchowe/syntetyki/;
95;1;Oczy i główki;89;0;;oczy-i-glowki;oczy-i-glowki;oczy-i-glowki;oczy-i-glowki; https://flyhouse.pl/c/91-category_default/oczy-i-glowki.jpg/img/c/cat_deafult.jpg;;https://flyhouse.pl/pl/materialy-muchowe/oczy-i-glowki/;
96;1;Nogi, skrzydełka;89;0;;nogi-skrzydelka;nogi-skrzydelka;nogi-skrzydelka;nogi-skrzydelka; https://flyhouse.pl/c/92-category_default/nogi-skrzydelka.jpg/img/c/cat_deafult.jpg;;https://flyhouse.pl/pl/materialy-muchowe/nogi-skrzydelka/;
97;1;Materiały na ciała;89;0;;materialy-na-ciala;materialy-na-ciala;materialy-na-ciala;materialy-na-ciala; https://flyhouse.pl/c/93-category_default/materialy-na-ciala.jpg/img/c/cat_deafult.jpg;;https://flyhouse.pl/pl/materialy-muchowe/materialy-na-ciala/;
98;1;Chenille;89;0;;chenille;chenille;chenille;chenille; https://flyhouse.pl/c/94-category_default/chenille.jpg/img/c/cat_deafult.jpg;;https://flyhouse.pl/pl/materialy-muchowe/chenille/;
99;1;Nici;89;0;;nici;nici;nici;nici; https://flyhouse.pl/c/95-category_default/nici.jpg/img/c/cat_deafult.jpg;;https://flyhouse.pl/pl/materialy-muchowe/nici/;
100;1;Druty i lamety;89;0;;druty-i-lamety;druty-i-lamety;druty-i-lamety;druty-i-lamety; https://flyhouse.pl/c/96-category_default/druty-i-lamety.jpg/img/c/cat_deafult.jpg;;https://flyhouse.pl/pl/materialy-muchowe/druty-i-lamety/;
101;1;Haki;89;0;;haki;haki;haki;haki; https://flyhouse.pl/c/97-category_default/haki.jpg/img/c/cat_deafult.jpg;;https://flyhouse.pl/pl/materialy-muchowe/haki/;
102;1;Słodkowodne;101;0;;haki-slodkowodne;haki-slodkowodne;haki-slodkowodne;haki-slodkowodne; https://flyhouse.pl/c/114-category_default/haki-slodkowodne.jpg/img/c/cat_deafult.jpg;;https://flyhouse.pl/pl/materialy-muchowe/haki/haki-slodkowodne/;
103;1;Morskie;101;0;;haki-morskie;haki-morskie;haki-morskie;haki-morskie; https://flyhouse.pl/c/115-category_default/haki-morskie.jpg/img/c/cat_deafult.jpg;;https://flyhouse.pl/pl/materialy-muchowe/haki/haki-morskie/;
104;1;Big Game;101;0;;haki-big-game;haki-big-game;haki-big-game;haki-big-game; https://flyhouse.pl/c/116-category_default/haki-big-game.jpg/img/c/cat_deafult.jpg;;https://flyhouse.pl/pl/materialy-muchowe/haki/haki-big-game/;
105;1;Łososiowe;101;0;;haki-lososiowe;haki-lososiowe;haki-lososiowe;haki-lososiowe; https://flyhouse.pl/c/117-category_default/haki-lososiowe.jpg/img/c/cat_deafult.jpg;;https://flyhouse.pl/pl/materialy-muchowe/haki/haki-lososiowe/;
106;1;Kleje;89;0;;kleje;kleje;kleje;kleje; https://flyhouse.pl/c/98-category_default/kleje.jpg/img/c/cat_deafult.jpg;;https://flyhouse.pl/pl/materialy-muchowe/kleje/;
107;1;Big Fly;89;0;;big-fly;big-fly;big-fly;big-fly; https://flyhouse.pl/c/99-category_default/big-fly.jpg/img/c/cat_deafult.jpg;;https://flyhouse.pl/pl/materialy-muchowe/big-fly/;
108;1;Narzędzia;2;0;;narzedzia;narzedzia;narzedzia;narzedzia;;;https://flyhouse.pl/pl/narzedzia/;
109;1;Imadła i akcesoria;108;0;;imadla-i-akcesoria;imadla-i-akcesoria;imadla-i-akcesoria;imadla-i-akcesoria; https://flyhouse.pl/c/100-category_default/imadla-i-akcesoria.jpg/img/c/cat_deafult.jpg;;https://flyhouse.pl/pl/narzedzia/imadla-i-akcesoria/;
110;1;Nożyczki;108;0;;nozyczki;nozyczki;nozyczki;nozyczki; https://flyhouse.pl/c/101-category_default/nozyczki.jpg/img/c/cat_deafult.jpg;;https://flyhouse.pl/pl/narzedzia/nozyczki/;
111;1;Nawijarki, bobinki;108;0;;nawijarki-bobinki;nawijarki-bobinki;nawijarki-bobinki;nawijarki-bobinki; https://flyhouse.pl/c/102-category_default/nawijarki-bobinki.jpg/img/c/cat_deafult.jpg;;https://flyhouse.pl/pl/narzedzia/nawijarki-bobinki/;
112;1;Pozostałe narzędzia;108;0;;pozostale-narzedzia;pozostale-narzedzia;pozostale-narzedzia;pozostale-narzedzia; https://flyhouse.pl/c/103-category_default/pozostale-narzedzia.jpg/img/c/cat_deafult.jpg;;https://flyhouse.pl/pl/narzedzia/pozostale-narzedzia/;
113;1;Kursy rzutowe;2;0;;kategoria-kursy-rzutowe;kategoria-kursy-rzutowe;kategoria-kursy-rzutowe;kategoria-kursy-rzutowe;;;https://flyhouse.pl/pl/kategoria-kursy-rzutowe/;
114;1;Wyprzedaże;2;0;;wyprzedaze;wyprzedaze;wyprzedaze;wyprzedaze;;;https://flyhouse.pl/pl/wyprzedaze/;
