115,Wędka muchowa Orvis Helios 4F,https://flyhouse.pl/pl/wedki-muchowe-orvis/wedka-muchowa-orvis-helios-4f.html#/9-klasa-4/27-model_wedek_orvis-904_4/60-dlugosc-9_274cm/74-akcja-med_fast/79-czesci-4,11,https://flyhouse.pl/3641-large_default/wedka-muchowa-orvis-helios-4f.jpg,https://flyhouse.pl/3642-large_default/wedka-muchowa-orvis-helios-4f.jpg,,Wędka muchowa Orvis Helios 4Finesse czwartej generacji to narzędzie do połowu na muchę w wodach słodkich.
Wędka radzi sobie z każdym typem linki muchowej na wszystkich dystansach.
Wszechstronne zastosowanie w różnych warunkach od małych strumieni po wielkie jeziora.
Matowy blank oliwkowy z oliwkowymi owijkami.
Przelotki na podwójnej stpce firmy RECOIL® Guides.
Aluminiowa tuba w kolorze biało-perłowym.
Wszystkie wędki z serii Helios 4F są objęte 25-letnią gwarancją.
Wyprodukowano w USA.
,5600.00 ,,
116,Wędka muchowa Orvis Helios 4D,https://flyhouse.pl/pl/wedki-muchowe-orvis/wedka-muchowa-orvis-helios-4d.html#/18-akcja-fast/30-model_wedek_orvis-905_4/49-klasa-5/60-dlugosc-9_274cm/79-czesci-4,11,https://flyhouse.pl/3647-large_default/wedka-muchowa-orvis-helios-4d.jpg,https://flyhouse.pl/3648-large_default/wedka-muchowa-orvis-helios-4d.jpg,,Wędka muchowa Orvis Helios 4Distance czwartej generacji to narzędzie do połowu na muchę w wodach słonych i słodkich.
Wędka radzi sobie z każdym typem linki muchowej na wszystkich dystansach.
Wszechstronne zastosowanie w różnych warunkach.
Czarny matowy blank z czarnymi omotkami.
Przelotki na podwójnej stpce firmy RECOIL® Guides.
Aluminiowa tuba w kolorze biało-perłowym.
Wszystkie wędki z serii Helios 4D są objęte 25-letnią gwarancją.
Wyprodukowano w USA.
,5600.00 ,,
117,Wędka muchowa Orvis Helios 3D Blue,https://flyhouse.pl/pl/wedki-muchowe-orvis/wedka-muchowa-orvis-helios-3d-blue.html#/18-akcja-fast/37-model_wedek_orvis-908_4/52-klasa-8/60-dlugosc-9_274cm/79-czesci-4,11,https://flyhouse.pl/268-large_default/wedka-muchowa-orvis-helios-3d-blue.jpg,https://flyhouse.pl/273-large_default/wedka-muchowa-orvis-helios-3d-blue.jpg,,Słynny rewolwerowiec Wyatt Earp zwykł mawiać „ Szybkość jest dobra ale celność jest najważniejsza”. To co wędkarz odkrywa wraz z doświadczeniem to właśnie to. W wędkarstwie muchowym celność to bardzo często klucz do sukcesu. Nie ważne czy jest to spływ muchy w strefie żerowania ryby, czy poprowadzenie jej w zasięgu wzroku przepływającego drapieżnika czy też zaprezentowanie jej we właściwej warstwie wody , różnica kilku centymetrów może być różnica pomiędzy porażką a sukcesem.
Wszystkie nowoczesne wędki są mocne ale celność jest nowym wyznacznikiem jakości. Wykonanie dwudziestoczterometrowego rzutu łowiąc w morzu jest szukaniem na ślepo. Wykonanie dwunastometrowego rzutu wprost pod nos żerującej ryby, to jest wędkarstwo muchowe. Wspomnij swoje sukcesy i porażki wędkarskie, a odpowiedź stanie się jasna. Celność rodzi sukces.
Helios 3  przesunął nasze myślenie o projektowaniu wędek, ze skupiania się na profilu blanku do kolejnej granicy jaką jest celność i projektowanie każdej wędki z myślą o konkretnym przeznaczeniu.
Orvis Helios 3F i 3D oferują bezkompromisowe właściwości. 3F to marzenie każdego łowcy na suchą muchę, celność połączona z finezją.
Orvis Helios 3D to kompilacja celności z energią pozwalająca rzucić sporą muchą na dużą odległość i bardzo precyzyjnie.
Różnica miedzy 3D a 3F  jest w sztywności,  ale właściwości celnego rzucania pozostają te same.
Aby grać w tę grę na najwyższym poziomie, nie ma kompromisów i dla każdego wędkarza Orvis Helios 3 jest narzędziem zaprojektowanym aby cieszyć się najpiękniejszymi chwilami i osiągnąć szczyty precyzji od małych strumieni po morskie łowy Big Game. Wybierz swoją przygodę i najlepszą broń.
,4100.00 ,,
118,Wędka muchowa Orvis Helios 3F,https://flyhouse.pl/pl/wedki-muchowe-orvis/-helios-3f.html#/8-klasa-3/57-dlugosc-8_4_254cm/74-akcja-med_fast,11,https://flyhouse.pl/276-large_default/-helios-3f.jpg,https://flyhouse.pl/281-large_default/-helios-3f.jpg,,Słynny rewolwerowiec Wyatt Earp zwykł mawiać „ Szybkość jest dobra ale celność jest najważniejsza”. To co wędkarz odkrywa wraz z doświadczeniem to właśnie to. W wędkarstwie muchowym celność to bardzo często klucz do sukcesu. Nie ważne czy jest to spływ muchy w strefie żerowania ryby, czy poprowadzenie jej w zasięgu wzroku przepływającego drapieżnika czy też zaprezentowanie jej we właściwej warstwie wody , różnica kilku centymetrów może być różnica pomiędzy porażką a sukcesem.
Wszystkie nowoczesne wędki są mocne ale celność jest nowym wyznacznikiem jakości. Wykonanie dwudziestoczterometrowego rzutu łowiąc w morzu jest szukaniem na ślepo. Wykonanie dwunastometrowego rzutu wprost pod nos żerującej ryby, to jest wędkarstwo muchowe. Wspomnij swoje sukcesy i porażki wędkarskie, a odpowiedź stanie się jasna. Celność rodzi sukces.
Helios 3  przesunął nasze myślenie o projektowaniu wędek, ze skupiania się na profilu blanku do kolejnej granicy jaką jest celność i projektowanie każdej wędki z myślą o konkretnym przeznaczeniu.
Orvis Helios 3F i 3D oferują bezkompromisowe właściwości. 3F to marzenie każdego łowcy na suchą muchę, celność połączona z finezją.
Orvis Helios 3D to kompilacja celności z energią pozwalająca rzucić sporą muchą na dużą odległość i bardzo precyzyjnie.
Różnica miedzy 3D a 3F  jest w sztywności,  ale właściwości celnego rzucania pozostają te same.
Aby grać w tę grę na najwyższym poziomie, nie ma kompromisów i dla każdego wędkarza Orvis Helios 3 jest narzędziem zaprojektowanym aby cieszyć się najpiękniejszymi chwilami i osiągnąć szczyty precyzji od małych strumieni po morskie łowy Big Game. Wybierz swoją przygodę i najlepszą broń.
,4100.00 ,,
119,Wędka muchowa Orvis Recon,https://flyhouse.pl/pl/wedki-muchowe-orvis/-recon.html#/7-klasa-2/61-dlugosc-10_305cm/79-czesci-4/85-uzbrojenie-slodkowodne/117-model_wedek_orvis-102_4,11,https://flyhouse.pl/3748-large_default/-recon.jpg,https://flyhouse.pl/295-large_default/-recon.jpg,,Dzięki wędziskom Recon zyskujesz wysoką wydajność, lekkość, zdolność ładowania na niewielkich dystansach
i moc zapewniającą większy zasięg, a także — dzięki technikom konstrukcyjnym H3 — zwiększoną dokładność rzutów. 
A wszystko to w przystępnej cenie. Recon to wędka zaprojektowana dla wędkarzy, 
którzy przemierzają brzegu rzek, jezior, mórz czy oceanów i spędzają noce pochyleni nad mapami, 
planując przygody na następny dzień. 
Wędki wykonane w najwyższej technologii Orvis. 
Wędka sprzedawana jest bez kołowrotka widocznego na zdjęciu.
,2590.00 ,,
120,Wędka muchowa Orvis Superfine Graphite,https://flyhouse.pl/pl/wedki-muchowe-orvis/wedka-muchowa-orvis-superfine-graphite.html#/9-klasa-4/79-czesci-4/808-akcja-medium/1484-dlugosc-7_11_241cm,11,https://flyhouse.pl/3756-large_default/wedka-muchowa-orvis-superfine-graphite.jpg,https://flyhouse.pl/3757-large_default/wedka-muchowa-orvis-superfine-graphite.jpg,,Powrót klasyki! Zaktualizowaliśmy te kultowe wędki małych strumieni, ale zachowaliśmy delikatność, 
która sprawiła, że oryginały stały się ulubionymi.
Pół wieku temu opracowaliśmy pierwszą serię wędzisk Orvis Graphite Fly Rods
jedne z pierwszych wędzisk grafitowych dostępnych dla wędkarzy. 
Podzbiór tych innowacyjnych wędzisk miał mniej niż 8 stóp długości i wahał się od 1 do 5 wt. 
Te klasyki były cenione za ich miękkie wyczucie i możliwość łowienia w małych strumieniach. 
Nazwy poszczególnych wędzisk są już legendarne... One-Weight, The Ultrafine, The Tippet, The Seven/Eleven, The Far & Fine.
Nasza nowo zaprojektowana seria wędzisk Superfine® Graphite Fly Rods opiera się na tych klasycznych modelach linek i długości Orvis.
Zaprojektowane przy użyciu technik konstrukcyjnych Helios™, dobrze odzyskują ciężar i pięknie śledzą, co poprawia wydajność i dokładność. 
Ta seria Superfine oferuje wędkarzom nowe, nowoczesne wersje, które skupiają się na prezentacji w małych strumieniach i ochronie przyponu.
Zachowaliśmy również legendarne nazwy, grawerując każdą z nich na nasadce dolnika.
Każda czteroczęściowa wędka ma matowoszary blank z płytkim stożkiem, czarny anodowany aluminiowy uchwyt kołowrotka z blokadą, 
twarde chromowane przelotki typu snake, chromowane przelotki typu stripping i korkowy uchwyt w stylu cygara. 
Zawiera pokrytą materiałem tubę wędki i pokrowiec z nadrukiem wędki.
Wyprodukowano w USA.
Nowo zaprojektowana seria wędek do małych strumieni zainspirowana naszymi oryginalnymi kultowymi modelami Superfine.
Te same nazwy, długości i ciężary żyłki, aby uhonorować kultowe oryginały.
Techniki konstrukcyjne Helios poprawiają wydajność i dokładność.
Niższy moduł grafitu zapewnia powolne do umiarkowanych akcji w całej serii.
Czteroczęściowy matowoszary blank z zabytkową białą etykietą i odręcznym pismem.
Czarny anodowany aluminiowy uchwyt kołowrotka z blokadą z wkładką korkową.
Twarde chromowane przelotki typu snake.
Chromowane przelotki typu stripping z wkładkami z węglika krzemu.
Korkowy uchwyt w stylu cygara.
Grawerowana laserowo nazw na nasadce dolnika.
Pokryta materiałem tuba wędki i pokrowiec wędki.
,2950.00 ,,
121,Wędka muchowa Orvis Superfine Glass,https://flyhouse.pl/pl/wedki-muchowe-orvis/wedka-muchowa-orvis-superfine-glass.html#/9-klasa-4/56-dlugosc-7_6_229_cm/79-czesci-4/131-model_wedek_orvis-764_4,11,https://flyhouse.pl/3722-large_default/wedka-muchowa-orvis-superfine-glass.jpg,https://flyhouse.pl/3723-large_default/wedka-muchowa-orvis-superfine-glass.jpg,,Nasza seria wędek muchowych Superfine Glass, świeżo przeprojektowana, została wykonana z włókna szklanego S-2, 
aby zapewnić płynne, powolne rzucanie z mocą potrzebną do wykonania zadania. 
Czarny uchwyt kołowrotka z anodowanego aluminium typu III z wkładką drewnianą (klasy wędki 2-5) lub aluminiową rurką (klasy wędki 6 i 8). 
Twarda chromowana przelotka i dwustopkowa przelotka z paskiem. Matowy blank oliwkowy z szybkim identyfikatorem wędki. 
W zestawie nylonowa tuba wędki i materiałowy worek do przechowywania. Gwarancja 25 lat firmy Orvis.
Wyprodukowano w USA.
,2860.00 ,,
122,Wędka muchowa Orvis Clearwater,https://flyhouse.pl/pl/wedki-muchowe-orvis/-clearwater.html#/8-klasa-3/61-dlugosc-10_305cm/79-czesci-4/85-uzbrojenie-slodkowodne/118-model_wedek_orvis-103_4,11,https://flyhouse.pl/3749-large_default/-clearwater.jpg,https://flyhouse.pl/300-large_default/-clearwater.jpg,,Nowe wędki Orvis Clearwater to nie jest kosmetyczny lifting tylko, całkowicie od początku do końca, nowo zaprojektowana seria. Projekt powstał w Vermont USA w pracowniach designerskich Orvisa. Wszystko w tych wędkach zostało zmienione oprócz ceny. To wciąż są najlepsze wędki na rynku, jakie możesz kupić za tą cenę, ale o jeszcze lepszych parametrach i w lepszym wykonaniu. Każda wędka została indywidualnie zaprojektowana do konkretnych zadań. Do każdej stworzono unikalny profil, akcję oraz uchwyt, które sprawdzą się podczas wybranego sposobu łowienia na muchę. Zakres modeli obejmuje wędki od takich do łowienia na małych strumieniach, poprzez wędki do połowów w dużych zbiornikach, aż po morskie mega wędki. Seria jednoręcznych wędek Clearwater zawiera 19 modeli. Między innymi; 10’ wędka w klasie 3 do łowienia metodą żyłkową, 9’4’’ w klasie 11 specjalnie zaprojektowana do połowu szczupaków czy 9’ czwórka stworzona do połowu na suchą muchę.
Główne cechy:
,1314.50 ,,
123,Wędka muchowa Orvis Clearwater Travel,https://flyhouse.pl/pl/wedki-muchowe-orvis/wedka-muchowa-orvis-clearwater-travel.html#/9-klasa-4/81-czesci-6/97-dlugosc-8_0_244cm/120-modele_travel-804_6,11,https://flyhouse.pl/3754-large_default/wedka-muchowa-orvis-clearwater-travel.jpg,https://flyhouse.pl/3755-large_default/wedka-muchowa-orvis-clearwater-travel.jpg,,Zabierz do samochodu, wędkę Clearwater Travel Rod w drodze do pracy, lub włóż ją do bagażu na dalekie wyprawy wędkarskie, 
te wędki muchowe są przeznaczone do wędrówek. Te 6-częściowe wędki muchowe mają wystarczająco mocny blank, 
aby używać dużych much na potężne ryby (wyższe klasy), a zarazem delikatne aby finezyjnie podać suchą muszkę. 
Seria Clearwater Travel Rod jest pełna udogodnień, które zwiększają wydajność wędkowania i wygodę w niewiarygodnej cenie.
,1699.50 ,,
124,Wędka muchowa Orvis Encounter,https://flyhouse.pl/pl/strona-glowna/wedka-muchowa-orvis-encounter.html#/50-klasa-6/60-dlugosc-9_274cm/74-akcja-med_fast/79-czesci-4,11,https://flyhouse.pl/3820-large_default/wedka-muchowa-orvis-encounter.jpg,https://flyhouse.pl/3816-large_default/wedka-muchowa-orvis-encounter.jpg,,Odkryj niezrównaną wydajność i przystępną cenę dzięki wędce muchowej Encounter.
Zamiast określenia „poziom podstawowy” wolimy opisywać nasze nowe wędki Encounter jako 
„niesamowitość w przystępnej cenie”. Seria wędek Encounter, stworzona dla zagorzałych wędkarzy, 
ale wyceniona z myślą o oszczędności, łączy najnowocześniejszą konstrukcję wędki z płynną, 
wyrazistą wydajnością. Ta solidna wędka Orvis Encounter ma całą moc i wydajność, 
jakiej ktokolwiek mógłby oczekiwać, w cenie, która sprawi, że będziesz się zastanawiać, gdzie jest haczyk? 
Wędka zapasowa lub pierwszy wędka do połowu dużych ryb, to najlepsza, jaką kiedykolwiek kupisz w tej cenie.
Stworzona dla zagorzałych wędkarzy, ale wyceniona z myślą o oszczędności.
,695.00 ,,
125,Wędka muchowa Orvis Encounter zestaw,https://flyhouse.pl/pl/strona-glowna/wedka-muchowa-orvis-encounter-zestaw-.html#/49-klasa-5/60-dlugosc-9_274cm/74-akcja-med_fast/79-czesci-4,11,https://flyhouse.pl/3809-large_default/wedka-muchowa-orvis-encounter-zestaw-.jpg,https://flyhouse.pl/3805-large_default/wedka-muchowa-orvis-encounter-zestaw-.jpg,,Odkryj niezrównaną wydajność i przystępną cenę dzięki zestawowi wędki muchowej Encounter®.
Zamiast określenia „poziom podstawowy” wolimy opisywać nasze nowe zestawy wędek Encounter jako 
„niesamowitość w przystępnej cenie”. Seria wędek Encounter, stworzona dla zagorzałych wędkarzy, 
ale wyceniona z myślą o oszczędności, łączy najnowocześniejszą konstrukcję wędki z płynną, 
wyrazistą wydajnością — w zestawie z dużym kołowrotkiem Encounter (rozmiar IV), 
pływającą żyłką 8-wt. z przodu, podkładem, przyponem i pokrowcem na wędkę/kołowrotek. 
Ten solidny zestaw Encounter o wadze 9 stóp i wadze 8 ma całą moc i wydajność, 
jakiej ktokolwiek mógłby oczekiwać, w cenie, która sprawi, że będziesz się zastanawiać, gdzie jest haczyk? 
Zestaw zapasowy lub pierwszy zestaw wędki do połowu dużych ryb, to najlepszy, jaki kiedykolwiek kupisz w tej cenie.
Stworzony dla zagorzałych wędkarzy, ale wyceniony z myślą o oszczędności.
,995.00 ,,
126,Wędka muchowa z kołowrotkiem Orvis Encounter,https://flyhouse.pl/pl/wedki-muchowe-orvis/wedka-muchowa-z-kolowrotkiem-orvis-encounter.html#/37-model_wedek_orvis-908_4/52-klasa-8/60-dlugosc-9_274cm/79-czesci-4,11,https://flyhouse.pl/307-large_default/wedka-muchowa-z-kolowrotkiem-orvis-encounter.jpg,https://flyhouse.pl/308-large_default/wedka-muchowa-z-kolowrotkiem-orvis-encounter.jpg,,Oferujemy w przystępnej cenie gotowy do łowienia zestaw w najpopularniejszych klasach i długościach. Zestaw zawiera wędkę , kołowrotek, linkę i podkład. Opakowanie Encounter dostarcza wyrób najlepszej jakości jaką można znaleźć na rynku w podobnej cenie. Zestaw Encounter może być również z powodzeniem zakupiony przez bardziej doświadczonych wędkarzy jako zestaw zapasowy na wyprawę  życia.
,840.00 ,,
127,Wędka muchowa Orvis Mission dwuręczna,https://flyhouse.pl/pl/wedki-muchowe-orvis/wedka-muchowa-orvis-mission-dwureczna.html#/9-klasa-4/79-czesci-4/106-modele_wedek_orvis_th-1144_4/115-dlugosc-11_4_345cm,11,https://flyhouse.pl/3761-large_default/wedka-muchowa-orvis-mission-dwureczna.jpg,https://flyhouse.pl/3760-large_default/wedka-muchowa-orvis-mission-dwureczna.jpg,,Zapożyczyliśmy techniki inżynieryjne z naszej kolekcji Helios 3, aby stworzyć tę linię wędzisk dopasowaną do różnych stylów rzutowych. Ta wszechstronna linia zawiera pozwala dorzucić duże muchy do odległego brzegu. Wędki Mission nadają się zarówno na dużą jak i małą wodę. 
Seria Mission świetnie poradzi sobie z linkami Scandi lub głowicami Skagit. Odpowiednio zaprojektowany blank tłumi drgania, aby włożyć więcej energii z każdym rzutem. Jest to prawdziwy system autokorekty, który poprawia prezentację i ratuje nieudane rzuty. Te wyrozumiałe wędziska muchowe oferują imponującą kontrolę przynęty i doskonały zasięg, dzięki czemu możesz precyzyjnie podać przynętę nawet do odległych brzegów dużych rzek łososiowych lub zrzucać mniejszymi muchami. 
Wędki Mission są lekkie, ale każda z nich jest potężną mocą. Dwuręczna kolekcja Mission obejmuje kompaktowe wędki muchowe na małe rzeki oraz wszechstronne modele, które świetnie radzą sobie zarówno na małych jak i dużych wodach, a także morskie bestie zdolne do wykonywania ciężkich zadań. 
Objęte 25-letnią gwarancją.
,4100.00 ,,
128,Wędka muchowa Orvis Clearwater Switch & Spey dwuręczna,https://flyhouse.pl/pl/wedki-muchowe-orvis/wedka-muchowa-orvis-clearwater-switch-spey-dwureczna.html#/8-klasa-3/79-czesci-4/105-modele_wedek_orvis_th-1143_4/115-dlugosc-11_4_345cm/136-uzbrojenie-micro_spey,11,https://flyhouse.pl/3764-large_default/wedka-muchowa-orvis-clearwater-switch-spey-dwureczna.jpg,https://flyhouse.pl/305-large_default/wedka-muchowa-orvis-clearwater-switch-spey-dwureczna.jpg,,Nowe wędki Orvis Clearwater to nie jest kosmetyczny lifting tylko, całkowicie od początku do końca, nowo zaprojektowana seria. Projekt powstał w Vermont USA w pracowniach designerskich Orvisa. Wszystko w tych wędkach zostało zmienione oprócz ceny. To wciąż są najlepsze wędki na rynku, jakie możesz kupić za tą cenę, ale o lepszych parametrach i w lepszym wykonaniu. Każda wędka została indywidualnie zaprojektowana do konkretnych zadań. Do każdej stworzono unikalny profil, akcję oraz uchwyt, które sprawdzą się podczas wybranego sposobu łowienia na muchę. Zakres modeli dwuręcznych obejmuje wędki od Micro Spey w klasie 3, która świetnie się sprawdzi podczas łowienia na niewielkie streamery czy mokrą muchę, do 15' wędki w klasie 10 na największe rzeki inajmocniejsze ryby. Seria dwuręcznych wędek Clearwater zawiera 8 modeli. Między innymi; dwie wędki typu switch, jedna wędka w klasie 3 typu Micro Spey oraz 5 modeli Spey na każdą okazję.
 
Główne cechy:
,2200.00 ,,
129,Wędka muchowa Echo Streamer X,https://flyhouse.pl/pl/wedki-muchowe-echo-jednoreczne/wedka-muchowa-echo-streamer-x.html#/18-akcja-fast/50-klasa-6/60-dlugosc-9_274cm/79-czesci-4/519-modele_wedek_echo-690,13,https://flyhouse.pl/3766-large_default/wedka-muchowa-echo-streamer-x.jpg,https://flyhouse.pl/3767-large_default/wedka-muchowa-echo-streamer-x.jpg,,Od specjalisty streamerów Kelly'ego Galloupa:
Podążając za planem przekazanym nam przez innowatora Kelly'ego Galloupa, 
opracowaliśmy następną generację wydajnych wędzisk streamerowych.
Precyzja przy dużych, ciężkich muchach.
Te nowe wędziska są zaprojektowane tak, aby uderzać w kubek kawy z odległości 50 stóp muchą większą od kubka. 
Każdy cal tych wędzisk został zaprojektowany aby szybko się ładować i dostarczać muchę z minimalną liczbą falskastów.
Dzięki szybkiej szczytówce i mocnemu dolnikowi stożki mają wyjątkową zbieżność, aby dostarczać ciężkie muchy.
Zaskakująca wszechstronność.
Dzięki niestandardowemu kształtowi uchwytu Kelly'ego, mocnej dolnej części i szybko ładującej się górnej części, 
ta wędka jest zbudowana od góry do dołu dla dużych much i precyzji. Jeśli obecne warunki wymagają mniejszych much, 
nadal będzie Cię zaskakiwać swoją wszechstronnością!
Rozmiar idealny dla małych i średnich streamerów
Pomiędzy, które dobrze radzą sobie z większymi muchami, 
a jednocześnie są zabawne i skuteczne w przypadku mniejszych.
Do dużych, ciężkich, przypominających zonkerów, nasiąkniętych wodą, 
obciążonych conheadami much bestii. Takkkkk...
,2595.00 ,,
130,Wędka muchowa Echo Prime 4,https://flyhouse.pl/pl/wedki-muchowe-echo-jednoreczne/wedka-muchowa-echo-prime-4.html#/18-akcja-fast/52-klasa-8/79-czesci-4/1485-dlugosc-8_10_247cm,13,https://flyhouse.pl/3770-large_default/wedka-muchowa-echo-prime-4.jpg,https://flyhouse.pl/3769-large_default/wedka-muchowa-echo-prime-4.jpg,,Flagowa seria wędek do połowu w słonej wodzie ECHO
Jeśli zapytasz dookoła, idealna wędka do połowu w słonej wodzie to taka, 
która pomoże Ci trafić w cel przy minimalnej liczbie falskastów. 
Podczas połowu ryb z płytkich łowisk wszystko dzieje się szybko i zwykle w „strefie śmierci” 40–60 stóp. 
Wszystko w wędce ECHO PRIME zostało zoptymalizowane, aby pomóc Ci odnieść sukces w tej strefie.
Łatwe ładowanie i długości do szybkich strzałów
Łatwo ładująca się szczytówka i skrócona długość 8'10” sprawiają, że można szybciej wykonywać rzuty z mniejszym wysiłkiem. 
Umiarkowane poziomy mocy poprawiają czucie podczas rzutu, ale nie zawodzą przy długich strzałach. 
Od lekkich przelotek na czubku wędki, przez wielostrefowy kształt uchwytu, po bezpunktową walkę na końcu, 
każdy cal wędki został zaprojektowany, aby pomóc Ci umieścić muchę w celu i pomóc Ci, gdy zatniesz rybę.
Dostępne modele od 8wt do 12wt. Te dyskretne wędki to najbardziej wszechstronne wędki ECHO 
do łowienia w słonej wodzie,jakie kiedykolwiek zaprojektowaliśmy.
Rozmiar do szerokiej gamy połowów przybrzeżnych w słonej wodzie.
Doskonały wszechstronny model do połowu przybrzeżnego i na płyciznach.
Lekki tarpon, permit, duży redfish, offshore i wiele innych to wszystko w zasięgu ręki Prime 10wt.
Tarpon, permit, duży redfish, offshore i wiele innych to wszystko w zasięgu ręki Prime 11wt.
Duża armata. Na duże ryby słonowodne, jakie tylko sobie wymarzysz.
,2595.00 ,,
131,Wędka muchowa ECHO EPR,https://flyhouse.pl/pl/wedki-muchowe-echo-jednoreczne/wedka-muchowa-echo-epr.html#/50-klasa-6/60-dlugosc-9_274cm/79-czesci-4/511-akcja-extra_fast/519-modele_wedek_echo-690,13,https://flyhouse.pl/3772-large_default/wedka-muchowa-echo-epr.jpg,https://flyhouse.pl/3773-large_default/wedka-muchowa-echo-epr.jpg,,,2595.00 ,,
132,Wędka muchowa Echo Shadow X do nimfy,https://flyhouse.pl/pl/wedki-muchowe-echo-jednoreczne/wedka-muchowa-echo-shadow-x-do-nimfy.html#/8-klasa-3/61-dlugosc-10_305cm/74-akcja-med_fast/79-czesci-4/555-modele_wedek_echo-3100,13,https://flyhouse.pl/3775-large_default/wedka-muchowa-echo-shadow-x-do-nimfy.jpg,https://flyhouse.pl/3776-large_default/wedka-muchowa-echo-shadow-x-do-nimfy.jpg,,Dla wędkarzy na poziomie elitarnym
ECHO współpracowało z doświadczonym guru Euro Nymph Pete'em Ericksonem, mistrzem świata w wędkarstwie muchowym z 2018 r. 
Normem Maktimą i ekspertem Mariuszem Wróblewskim (profesorem inżynierii Uniwersytetu Berkley), 
aby stworzyć wędkę, która jest dostosowana do najwyższych poziomów tego sportu.
20% lżejsza niż seria Shadow II
Dzięki zastosowaniu najbardziej zaawansowanego grafitu o wysokim module sprężystości, jaki jest dostępny, 
ECHO udało się stworzyć najlżejszą wędkę, jaką kiedykolwiek wyprodukowano. Kiedy trzeba poczuć każdy niuans pod wodą, 
posiadanie najlżejszej, najczulszej wędki, jaką można, stanowi różnicę między 1. a 10. miejscem.
Najbardziej zaawansowane wędki ECHO do tej pory
Krótko mówiąc: jest to najtrudniejszy projekt, jaki Tim Rajeff i jego ekipa w ECHO kiedykolwiek ukończyli. 
Zaprojektowali wędkę, która równoważy czułość z możliwością zacięcia do poziomu, który wcześniej nie był uważany za możliwy.
ECHO SHADOW X 10'0" / 305 cm #2. waga ok. 73g. 
Uwaga: dopasowując wędki ECHO Nymph do żyłki niespecjalizującej się w Nymph, zalecamy podpięcie; np. do wędki 3wt użyj żyłki 4wt.
ECHO SHADOW X 10'0" / 305 cm #3. waga ok. 85g. 
Uwaga: dopasowując wędki ECHO Nymph do żyłki niespecjalizującej się w Nymph, zalecamy podpięcie; np. do wędki 3wt użyj żyłki 4wt.
ECHO SHADOW X 10'6" / 323 cm #3. waga ok. 93g. 
Uwaga: dopasowując wędki ECHO Nymph do żyłki niespecjalizującej się w Nymph, zalecamy podpięcie; np. do wędki 3wt użyj żyłki 4wt.
ECHO SHADOW X 11'0" / 335 cm #3. waga ok. 99g. 
Uwaga: dopasowując wędki ECHO Nymph do żyłki niespecjalizującej się w Nymph, zalecamy podpięcie; np. do wędki 3wt użyj żyłki 4wt.
,2495.00 ,,
133,Wędka muchowa Echo Shadow 2,https://flyhouse.pl/pl/wedki-muchowe-echo-jednoreczne/-echo-shadow-2.html#/7-klasa-2/18-akcja-fast/61-dlugosc-10_305cm/79-czesci-4/554-modele_wedek_echo-2100,13,https://flyhouse.pl/3777-large_default/-echo-shadow-2.jpg,https://flyhouse.pl/959-large_default/-echo-shadow-2.jpg,,Wędka Euro Nymph do perfekcyjnego wyczucia żyłki i kontroli.
Wędkarstwo Euro Nymphing wymaga precyzji i czułości, aby trafić w cel i wyczuć nie tylko branie ryby, 
ale także dno i wszystko inne, co będzie dyktować, gdzie zaprezentujesz muchę.Lekkie, szybkie i uniwersalne.
Wykrywanie brań to decydujący parametr dla każdej wędki Euro Nymphing. 
Lekka i szybka szczytówka Shadow II pozwalają wyczuć subtelności nie tylko brań, ale także kontur dna, prędkość prądu 
i inne krytyczne odchylenia, które mogą mieć wpływ na Twój sukces.Dla wędkarzy amatorów i wędkarzy sportowych
Shadow II znajduje się w „strefie Złota” pomiędzy innymi wędkami Euro Nymphing ECHO. Łączy wystarczającą czułość 
i ogólną wydajność z przystępną ceną, aby uczynić ją jedną z najpopularniejszych wędek w całej naszej ofercie.
Gdy potrzebna jest dodatkowa czułość na najmniejszych strumieniach.
Najlepsza, uniwersalna wędka w stylu Euro Nymphing.
Na wypadek, gdybyś potrzebował trochę więcej mocy na większe ryby.
,1665.00 ,,
134,Wędka muchowa Echo Carbon XL Euro Nymph,https://flyhouse.pl/pl/wedki-muchowe-echo-jednoreczne/wedka-muchowa-echo-carbon-xl-euro-nymph.html#/8-klasa-3/61-dlugosc-10_305cm/74-akcja-med_fast/79-czesci-4/551-modele_wedek_echo-3100,13,https://flyhouse.pl/3779-large_default/wedka-muchowa-echo-carbon-xl-euro-nymph.jpg,https://flyhouse.pl/3780-large_default/wedka-muchowa-echo-carbon-xl-euro-nymph.jpg,,Niedrogi sposób na rozpoczęcie połowu nimfą Euro.
Wraz ze wzrastającym popytem na specjalistyczne wędki Euro Nymph, rośnie również popyt na wędkę, która spełnia
potrzeby wędkarzy, którzy nie chcą rywalizować na poziomie mistrzostw krajowych.
Ludzie w ECHO wykorzystali swoją niezwykle popularną wędkę Carbon XL jako sprawdzoną podstawę do stworzenia wędki, która
spełnia oczekiwania tych wędkarzy, a nawet je przewyższa. Zrównoważona akcja i moc dla maksymalnej wszechstronności
Wędki Euro Nymph w stylu zawodów mogą być tak wyspecjalizowane, że nie zawsze są odpowiednim narzędziem dla większości wędkarzy rekreacyjnych.
Dzięki wykorzystaniu już wszechstronnej konstrukcji Carbon XL i wydłużeniu do 10′,
ECHO wyprodukowało wędkę, która nie tylko jest w stanie sprostać wszystkim potrzebom wędkarza pstrągowego, ale także się w tym wyróżnia.
ECHO wzięło świetną wędkę, wyposażyło ją w nową część szczytową oraz kilka innych ulepszeń
 i stworzyło jedno ze swoich najbardziej wszechstronnych narzędzi wędkarskich do tej pory.
Najlepszy rozmiar Euro Nymph na szeroką gamę łowisk.
Na wypadek, gdy potrzeba trochę więcej mocy do połowu większych ryb.
,1185.00 ,,
135,Wędka muchowa Echo One Hand Spey,https://flyhouse.pl/pl/wedki-muchowe-echo-dwureczne/wedka-muchowa-echo-one-hand-spey.html#/50-klasa-6/74-akcja-med_fast/79-czesci-4/614-modele_wedek_echo_th-6104/626-dlugosc-10_4_315cm,13,https://flyhouse.pl/3783-large_default/wedka-muchowa-echo-one-hand-spey.jpg,https://flyhouse.pl/3782-large_default/wedka-muchowa-echo-one-hand-spey.jpg,,Połączenie między rzucaniem jedną ręką i dwiema rękami.
PRAWDZIWA „wędzisko typu switch”. Wędka, która może być skutecznie używana zarówno 
do dodawania podwójnego pociągnięcia do rzutu spey jedną ręką, 
aby wystrzelić głowicę skagit w ciasnych miejscach, jak i do rzutu nad głową.
Ekstremalnie lekkie wędziska z mocą głębokiego ładowania.
Dzięki zastosowaniu grafitu o wysokim module udało nam się uzyskać niezwykle lekką wędzisko, 
nie tracąc jednocześnie zdolności do głębokiego ładowania do dolnych sekcji podczas wykonywania rzutów spey.
Niezrównana wszechstronność.
Niezależnie od tego, czy rzucasz spey krótkim Skagitem z tonącą końcówką, wykonujesz bombery na spławiku, 
czy wykonujesz skuteczne naprawy na duże odległości z ulubionym zestawem nimfowym, wędzisko OHS jest dostrojone.
Konstrukcja czteroczęściowa
Blank: Gloss szmaragdowo zielony
Akcja: Med Fast+
Tuba: pokrowiec na wędkę i skarpeta pokryte materiałem
Przelotki: przelotki SIC Stripping i przelotki Snake Hard Chrome
Uchwyty: Posiada zdejmowany uchwyt dolnika
Uchwyt kołowrotka: Anodowane aluminium
ECHO OHS 10'4" / 317 cm #6 One Hand Spey, waga ok. 130 g.
ECHO OHS 10'4" / 317 cm #7 One Hand Spey, waga ok. 136 g
ECHO OHS 10'4" / 317 cm #8 One Hand Spey, waga ok. 142 g
,2595.00 ,,
136,Wędka muchowa Echo Stillwater,https://flyhouse.pl/pl/wedki-muchowe-echo-jednoreczne/wedka-muchowa-echo-stillwater.html#/49-klasa-5/61-dlugosc-10_305cm/74-akcja-med_fast/79-czesci-4/535-modele_wedek_echo-5100,13,https://flyhouse.pl/941-large_default/wedka-muchowa-echo-stillwater.jpg,https://flyhouse.pl/942-large_default/wedka-muchowa-echo-stillwater.jpg,,Spełnianie potrzeb wędkarzy łowiących na jeziorach na poziomie zawodów
Konwencjonalne wędki muchowe są marnym substytutem precyzyjnie opracowanej wędki na wody stojące.
Te nowe wędki zostały zaprojektowane, aby wędkarze łowili skuteczniej i wydajniej w jeziorach o każdej wielkości.
Mocne, a zarazem delikatne
Współpracowaliśmy z ekspertem Pete'em Ericksonem, aby dopracować tę wyjątkową serię wędek o średnio szybkiej akcji 
i subtelnej delikatności, aby uwzględnić wszystkie aspekty wędkowania na wodach stojących na wysokim poziomie.
ECHO STILLWATER 10'0" / 305 cm #5. waga ok. 88 g.
ECHO STILLWATER 10'0" / 305 cm #6. waga ok. 91 g.
ECHO STILLWATER 10'6" / 323 cm #6. waga ok. 94 g
ECHO STILLWATER 10'0" / 305 cm #7. waga ok. 92 g
,2595.00 ,,
137,Wędka muchowa Echo Lago,https://flyhouse.pl/pl/wedki-muchowe-echo-jednoreczne/wedka-muchowa-echo-lago.html#/49-klasa-5/61-dlugosc-10_305cm/74-akcja-med_fast/79-czesci-4/535-modele_wedek_echo-5100,13,https://flyhouse.pl/3791-large_default/wedka-muchowa-echo-lago.jpg,https://flyhouse.pl/945-large_default/wedka-muchowa-echo-lago.jpg,,Wędka dla entuzjastów jezior
Konwencjonalne wędki muchowe są marnym substytutem precyzyjnie opracowanej wędki jeziorowej. 
Te nowe wędki zostały zaprojektowane, aby wędkarze mogli łowić skuteczniej i wydajniej w jeziorach o różnej głębokości.
Zoptymalizowane do rzucania na siedząco
Wędkarze jeziorowi zazwyczaj łowią z pontonu, małych pontonów lub łodzi. 
Stwarza to wyzwania podczas dalekich rzutów. Unikalne połączenie akcji i mocy dopasowane do długości 10 
stóp pomaga uniknąć uderzenia o wodę za sobą podczas rzutu do tyłu i obawianego zapętlenia ogonowego.
Wędki z serii Lago żyją również podwójnym życiem jako doskonałe letnie wędki do połowu troci lub dużych pstrągów nimfowych.
Podstawowe rozmiary i długości
Istnieją trzy rozmiary, w tym 10 stóp 5wt, 10 stóp 6wt i 10 stóp 7wt. 
Wędki 10-stopowe obejmują gamę rozmiarów ryb, a także mistrzowsko radzą sobie z każdą linką do wody stojącej dostępną na rynku. 
Wędki mają półpołyskowe wykończenie w kolorze kobaltowo-niebieskim. 
Każda wędka składa się z 4 części i jest dostarczana z twardym pokrowcem i pokrowcem na wędkę.
ECHO LAGO 10'0" / 305 cm #5. waga ok. 110 g.
ECHO LAGO 10'0" / 305 cm #6. waga ok. 116 g
ECHO LAGO 10'0" / 305 cm #7. waga ok. 125 g
,1545.00 ,,
138,Wędka muchowa Echo Trip,https://flyhouse.pl/pl/wedki-muchowe-echo-jednoreczne/-echo-trip.html#/49-klasa-5/60-dlugosc-9_274cm/74-akcja-med_fast/83-czesci-8/542-modele_wedek_echo-590,13,https://flyhouse.pl/967-large_default/-echo-trip.jpg,https://flyhouse.pl/3796-large_default/-echo-trip.jpg,,Wędki podróżne 8-częściowe.
Podczas podróży, niezależnie od tego, czy jest to podróż służbowa, czy rekreacyjna, zabranie standardowej 
4-częściowej wędki często nie jest opcją. 
Każda wędka TRIP składa się z 8 x 38 cm części i mieści się w 45-centymetrowym futerale.
Płynne połączenie akcji i mocy
Zaplanowaliśmy, że te wędki będą używane na całym świecie w każdym rodzaju łowiska. 
Dlatego włączyliśmy najbardziej wszechstronne połączenie akcji i mocy, 
aby pomóc w pokryciu najszerszego zakresu sytuacji wędkarskich.
Wędka do walizki, plecaka lub tylnego siedzenia
Niezależnie od tego, czy jesteś w podróży „służbowej”, na wycieczce z plecakiem, 
czy po prostu chcesz czegoś, co zabierzesz ze sobą na te spontaniczne postoje, 
ultrakompaktowa 8-częściowa konstrukcja TRIP sprawia, że ​​zabranie jej ze sobą jest oczywiste.
która z łatwością zmieści się w bagażu podczas wyprawy do Hiszpanii w celu połowu dorady lub okonia morskiego...
,1595.00 ,,
139,Wędka muchowa Echo Boost Blue Saltwater,https://flyhouse.pl/pl/wedki-muchowe-echo-jednoreczne/wedka-muchowa-echo-boost-blue-saltwater.html#/18-akcja-fast/50-klasa-6/60-dlugosc-9_274cm/79-czesci-4/519-modele_wedek_echo-690,13,https://flyhouse.pl/3797-large_default/wedka-muchowa-echo-boost-blue-saltwater.jpg,https://flyhouse.pl/3798-large_default/wedka-muchowa-echo-boost-blue-saltwater.jpg,,Maksymalna prędkość linki.
Boost Blue, wywodzący się z popularnej serii Boost Salt firmy ECHO, 
jest przeznaczony dla wędkarzy o agresywnym ruchu rzutowym, aby osiągnąć maksymalną prędkość linki.
Wyrazista, szybka akcja.
Całkowicie nowe akcje są wynikiem nieustannych udoskonaleń Tima Rajeffa w serii Boost Salt. 
Dzięki lekkiej części szczytowej połączonej z mocną częścią dolną, 
wędki te mają moc potrzebną do walki z wiatrem i innymi trudnymi warunkami.
Ostateczna równowaga mocy i precyzji.
Boost Blue ma ulepszone tytanowe przelotki i jest idealną wędką dla agresywnych wędkarzy, 
którzy nie mogą żyć bez tego nowoczesnego, szybkiego działania.
ECHO BOOST BLUE 9'0" / 274 cm #6. waga ok. 111 g. 
Rzucanie krewetkami na trocie morskie lub streamerami na szkółki bassów. 
Boost Blue o mocy 6 wt jest idealnym wyborem.
ECHO BOOST BLUE 9'0" / 274 cm #7. waga ok. 116 g. 
Pomiędzy, które jest dobre, jeśli możesz sobie pozwolić tylko na jedną wędkę... 
ale jest również świetne w dni, kiedy wieje nieco mocniej. 
Dobre na trocie morskie i okonie morskie...
ECHO BOOST BLUE 9'0" / 274 cm #8. waga ok. 120 g. 
jeśli potrzebujesz trochę więcej mocy do cięższych zestawów i większych ryb, 
wybierz 8wt Boost Blue. Idealne na szczupaki słone w Bałtyku.
jeśli ludzie wolą nieco cięższą wędkę do połowu szczupaków lub podczas łowienia na płyciznach, 
to #9'er jest wędką dla ciebie.
ECHO BOOST BLUE 9'0" / 274 cm #10. waga ok. 150 g 
Wszechstronny rozmiar do połowu dużych ryb w słonej wodzie.
ECHO BOOST BLUE 9'0" / 274 cm #11. waga ok. 160 g. 
Twoja wędka do połowu dużych ryb na flatach, do walki z silnymi wiatrami 
i dużymi gatunkami docelowymi.
Bestia do połowu tych olbrzymich ryb, o których marzyłeś.
,1670.00 ,,
140,Wędka muchowa Echo Bad Ass Glass Quickshot,https://flyhouse.pl/pl/wedki-muchowe-echo-jednoreczne/wedka-muchowa-echo-bad-ass-glass-quickshot.html#/50-klasa-6/79-czesci-4/97-dlugosc-8_0_244cm/576-modele_wedek_echo-680/581-akcja-glass_fast,13,https://flyhouse.pl/3801-large_default/wedka-muchowa-echo-bad-ass-glass-quickshot.jpg,https://flyhouse.pl/974-large_default/wedka-muchowa-echo-bad-ass-glass-quickshot.jpg,,Modern Fast Glass
B.A.G. to wędka przeznaczona do połowów dużych ryb, gdzie trzeba szybko rzucać duże zestawy na duże ryby. 
Coś, o czym wcześniej myślano również poza światem wędzisk z włókna szklanego!
Szybciej, lżej, mocniej.
„Wolny” i „włókno szklane” nie są już tym samym. B.A.G. Quickshot jest gotowy do łowienia przez cały dzień 
i utrzymuje je w ruchu. Zarzucaj streamery na szybkie, krótkie strzały.
5wt do 10wt i gotowy na słoną wodę!
Dostępny w 5wt do 10wt w modelach 8′/244cm. Idealny kij z włókna szklanego do ulubionych miejsc na słonej wodzie przybrzeżnej lub głębszej. 
Równie dobrze sprawdza się w rzucaniu dużych streamerów na ulubione słodkowodne drapieżniki!
ECHO BAG Quickshot 8'0" / 244 cm #5. waga ok. 119 g
ECHO BAG Quickshot 8'0" / 244 cm #6. waga ok. 127 g
ECHO BAG Quickshot 8'0" / 244 cm #7. waga ok. 136 g
ECHO BAG Quickshot 8'0" / 244 cm #8. waga ok. 147 g
ECHO BAG Quickshot 8'0" / 244 cm #9. waga ok. 156 g
ECHO BAG Quickshot 8'0" / 244 cm #10. waga ok. 165 g
,1670.00 ,,
141,Wędka muchowa Echo River Glass,https://flyhouse.pl/pl/wedki-muchowe-echo-jednoreczne/-echo-river-glass.html#/7-klasa-2/78-czesci-3/560-akcja-glass_med/561-modele_wedek_echo-269_gg/573-kolor_blanku-gorgeous_glacier/575-dlugosc-6_9_208cm,13,https://flyhouse.pl/3823-large_default/-echo-river-glass.jpg,https://flyhouse.pl/972-large_default/-echo-river-glass.jpg,,Seria wędek, która zapewni nowoczesnemu wędkarzowi zabawę i poczucie włókna szklanego.
Dostępne w długościach, które obejmują najszerszy zakres zastosowań wędkarskich
Dwa dostępne kolory: wyróżnij się Glacier Blue lub połącz z Amber. Twój wybór!
RIVER GLASS 6'9" / 210 cm #2 - Glacier Blue. waga ok. 68 g. - 3 sekcje
RIVER GLASS 6'9" / 210 cm #2 - Amber. waga ok. 68 g. - 3 sekcje
RIVER GLASS 6'9" / 210 cm #3 - Glacier Blue. waga ok. 73 g. - 3 sekcje
RIVER GLASS 7'6" / 231 cm #4 - Amber. waga ok. 79 g
RIVER GLASS 7'6" / 231 cm #4 - Glacier Blue. waga ok. 79 g
RIVER GLASS 8'0" / 244 cm #4 - Amber. waga ok. 85 g
RIVER GLASS 8'0" / 244 cm #4 - Glacier Blue. waga ok. 85 g
,1480.00 ,,
142,Wędka muchowa Echo Lift,https://flyhouse.pl/pl/wedki-muchowe-echo-jednoreczne/wedka-muchowa-echo-lift.html#/9-klasa-4/74-akcja-med_fast/79-czesci-4/97-dlugosc-8_0_244cm/546-modele_wedek_echo-480,13,https://flyhouse.pl/968-large_default/wedka-muchowa-echo-lift.jpg,https://flyhouse.pl/969-large_default/wedka-muchowa-echo-lift.jpg,,Łów skutecznie, nie rujnując budżetu
Kiedy ludzie mają problemy z nauką łowienia na muchę, zmieniają żyłkę, muchę lub bieliznę... podczas gdy może wędka była problemem przez cały czas.
Uniwersalna akcja, trwała konstrukcja
LIFT został zbudowany na ramionach naszej niezwykle popularnej serii ECHO Base z ulepszonymi akcjami, aby dopasować się do szerszego zakresu stylów rzucania.
Lata przyjemności z łowienia na muchę
Niewiele wędek na rynku oferuje taki stosunek jakości do ceny jak ECHO LIFT. I specjalnie zaprojektowaliśmy ją, aby nadal Cię zachwycała, niezależnie od tego, czy wciąż się uczysz, czy od wielu lat jesteś wędkarzem muchowym.
,695.00 ,,
143,Wędka muchowa Echo ION XL,https://flyhouse.pl/pl/wedki-muchowe-echo-jednoreczne/-echo-ion-xl.html#/50-klasa-6/60-dlugosc-9_274cm/74-akcja-med_fast/79-czesci-4/519-modele_wedek_echo-690,13,https://flyhouse.pl/3829-large_default/-echo-ion-xl.jpg,https://flyhouse.pl/3830-large_default/-echo-ion-xl.jpg,,Wędki klasy słonej w przystępnej cenie
Wędki klasy słonej w tej kategorii cenowej są zazwyczaj lepiej wykorzystywane jako wieszak na ubrania niż narzędzie wędkarskie. 
Seria Ion XL nie pasuje do tego schematu.
Zdumiewająco niska waga zamachowa i wyrozumiała akcja
Dzięki wyjątkowo niskiej wadze zamachowej i bardziej wyrozumiałej akcji Ion XL równie dobrze radzi sobie ze zrywaniem much z ciała, 
jak i zrzucaniem merkina do tailing permit.
Wybór przewodnika
Dzięki ekstremalnej wszechstronności Ion XL w środowisku słodkowodnym i słonym, 
przystępnej cenie i wysokiej jakości komponentom stał się on wędką dla przewodników i profesjonalistów wędkarskich.
ECHO ION XL 9'0" / 274 cm #6. waga ok. 133 g
Świetna do wszystkiego, od dużych suchych przynęt po umiarkowane streamery. 
Rzeki, jeziora, przybrzeżne wody morskie; jest gotowa i zdolna do wszystkiego.
ECHO ION XL 9'0" / 274 cm #7. waga ok. 138 g 
Ulubiona wędka do streamerów pstrągowych, karpi, troci morskich i przybrzeżnych słonych wód.
ECHO ION XL 9'0" / 274 cm #8. waga ok. 145 g 
Świetna do łososia, troci morskiej, większych streamerów pstrągowych i ulubionych much szczupakowych.
ECHO ION XL 9'0" / 274 cm #9. waga ok. 153 g 
Świetna wędka do połowu łososia „średniej wagi” i przybrzeżnych słonych wód, która obejmuje większe cele. 
ECHO ION XL 9'0" / 274 cm #10. waga ok. 227 g - 
Największe streamery, największe łososie, największe szczupaki - wszystkie mieszczą się w strefie komfortu ION XL 10wt.
ECHO ION XL 10'0" / 305 cm #5. waga ok. 156 g 
Doskonała, uniwersalna wędka do łowienia nimfą pstrągów na rzece lub z pontonu na ulubionym jeziorze.
ECHO ION XL 10'0" / 305 cm #6. waga ok. 164 g 
Jeśli Twoje zestawy nimf pstrągowych są nieco cięższe lub rzucasz z pontonu na ulubionym jeziorze pełnym dużych pstrągów tęczowych, 
6100 jest świetnym wyborem.
ECHO ION XL 10'0" / 305 cm #7. waga ok. 165g - 
bardzo popularny wśród poważnych wędkarzy łowiących trocie morskie...
ECHO ION XL 10'0" / 305 cm #8. waga ok. 184g 
Wędka pierwszego wyboru do łowienia łososi na duże wody metodą nimh lub połowu dużych szczupaków z łodzi lub belly boat...
,1150.00 ,,
144,Wędka muchowa Echo Carbon XL,https://flyhouse.pl/pl/wedki-muchowe-echo-jednoreczne/wedka-muchowa-echo-carbon-xl.html#/7-klasa-2/74-akcja-med_fast/79-czesci-4/549-modele_wedek_echo-273/550-dlugosc-7_3_221cm,13,https://flyhouse.pl/3832-large_default/wedka-muchowa-echo-carbon-xl.jpg,https://flyhouse.pl/953-large_default/wedka-muchowa-echo-carbon-xl.jpg,,Wędka dla każdego poziomu umiejętności
Carbon XL jest przeznaczony dla wędkarzy o każdym poziomie umiejętności, 
którzy potrzebują wszechstronnej wędki do różnych zastosowań wędkarskich.
Umiarkowana akcja i lekkie odczucie
Carbon XL ma umiarkowaną akcję, która sprawdza się we wszystkim, 
od łowienia na suchą muchę po łowienie na nimfę, a nawet lekkie streamery, 
nigdy nie wydając się ciężkimi lub ospałymi. Seria Carbon XL wygląda i wydaje się wędką, 
która powinna być sprzedawana za dwa razy większą cenę!
Prawdziwy wszechstronny wykonawca
I to wszystko! Jeśli potrzebujesz niedrogiej wędki do wykonania dowolnej pracy w słodkiej wodzie, 
Carbon XL został stworzony właśnie w tym celu.
ECHO CARBON XL 7'3" / 222 cm #2. waga ok. 2,7 uncji/76 g. - 
Do najmniejszych much i najdelikatniejszych prezentacji.
ECHO CARBON XL 7'6" / 231 cm #3. waga ok. 2,8 uncji/80 g - 
Suche muchy na małe strumienie to chleb powszedni tej wędki. 
ECHO CARBON XL 8'4" / 256 cm #4. waga ok. 3,4 uncji/94 g - 
Wędka na muchę suchą z odrobiną więcej wszystkiego, 
aby wyróżniać się w szerszym zakresie sytuacji połowu pstrągów.
ECHO CARBON XL 9'0" / 274 cm #4. waga ok. 3,4 uncji/96 g - 
Lekka wędka na pstrągi z odrobiną większą długością dla lepszej kontroli linki 
zarówno w sytuacjach połowu muchą suchą, jak i lekkim nimfowaniem.
ECHO CARBON XL 9'0" / 274 cm #5. waga ok. 3,5 uncji/100 g - 
Najbardziej wszechstronna wędka ECHO na pstrągi słodkowodne, kropka. 
Suche, nimfy, małe strumienie i jeziora. 
Twoja wędka na pstrągi, która jest „szwajcarskim scyzorykiem”.
ECHO CARBON XL 9'0" / 274 cm #6. waga ok. 3,7 uncji/105 g - 
Na wypadek, gdy potrzebujesz trochę więcej mocy do większych much i większych ryb. 
Świetnie nadaje się do łowienia na pokolce, duże chruściki, stymulatory, średnie streamery i zestawy nimfowe.
,1150.00 ,,
145,Wędka muchowa Echo Boost Freshwater,https://flyhouse.pl/pl/wedki-muchowe-echo-jednoreczne/wedka-muchowa-echo-boost-freshwater.html#/8-klasa-3/18-akcja-fast/56-dlugosc-7_6_229_cm/79-czesci-4/545-modele_wedek_echo-376,13,https://flyhouse.pl/3835-large_default/wedka-muchowa-echo-boost-freshwater.jpg,https://flyhouse.pl/3834-large_default/wedka-muchowa-echo-boost-freshwater.jpg,,Wędka zapewniająca maksymalną prędkość linki
Zbudowana na bazie oryginalnej serii Boost, Boost Fresh jest przeznaczona dla wędkarzy o agresywnym rytmie rzutu, 
aby osiągnąć maksymalną prędkość linki. Wędki mają nieco mniejszą wagę i udoskonaloną akcję, aby pomóc Ci poczuć obciążenie wędki.
Wyrazista, szybka akcja
Boost jest produkowany z mieszanki włókien grafitowych o średnim module sprężystości, co zapewnia optymalne połączenie wytrzymałości i wydajności. 
Wybór materiałów pozwala na maksymalną wydajność w przystępnej cenie.
Najwyższa równowaga mocy i precyzji
Boost to idealna wędka dla agresywnych wędkarzy, którzy nie mogą żyć bez tego nowoczesnego, szybkiego odczucia wędki.
ECHO BOOST FRESH 8'0" / 243 cm #4. waga ok. 71 g. 
Dla oddanych wędkarzy łowiących na suchą muchę na małych rzekach.
ECHO BOOST FRESH 9'0" / 274 cm #4. waga ok. 80 g 
Świetny rozmiar do wszystkiego, od lekkiego nimfowania po umiarkowane przynęty suche i małe streamery. 
Dodatkowa długość dla lepszej kontroli żyłki na wodzie.
ECHO BOOST FRESH 9'0" / 274 cm #5. waga ok. 87 g 
Rozmiar wędki, którego nie trzeba przedstawiać: wszechstronny rozmiar wędki „do wszystkiego” na wody słodkie.
ECHO BOOST FRESH 9'0" / 274 cm #6. waga ok. 90 
Wybór na duże suche przynęty/hoppery i średniej wielkości streamery.
,1595.00 ,,
146,Wędka muchowa Echo Musky,https://flyhouse.pl/pl/wedki-muchowe-echo-jednoreczne/wedka-muchowa-echo-musky.html#/18-akcja-fast/54-klasa-11/79-czesci-4/98-dlugosc-8_8_264cm/547-modele_wedek_echo-1188,13,https://flyhouse.pl/951-large_default/wedka-muchowa-echo-musky.jpg,https://flyhouse.pl/952-large_default/wedka-muchowa-echo-musky.jpg,,Musky i szczupaki jedzą duże ofiary.
…….. a muchy używane do ich łowienia pasują do wylęgu! Niewiele wędek jest zbudowanych od podstaw, aby załadować i dostarczyć połowę kurczaka.
Z pomocą Midwest Musky & Pile Junkies
Współpracowaliśmy z niektórymi z najbardziej zafascynowanych wędkarzy łowiących musky i szczupaki na Środkowym Zachodzie, 
aby opracować serię wędek, które sprawdzą się w każdej sytuacji: blisko wody, wysokie relingi, ósemki, 
pełne tonące, średnia końcówka, 1000 rzutów, głupie duże muchy… Rozumiesz, o co chodzi.
Wędki 11wt z uchwytami dolnymi
Musky są dostępne w dwóch długościach, obie w 11wt. 8’8″ do łowienia blisko wody i 9’4″ do „wyższych” łodzi. 
Wybierz ten, który najlepiej pasuje do Twojego stylu...
ECHO MUSKY 8'8" / 268 cm #11. waga ok. 134 g.
Dobry do brodzenia po „płaskowyżu” Morza Bałtyckiego w pogoni za słonymi szczupakami. 
Muskies mają zaprojektowane okno gramatury/gramu 400 gr -500 gr lub 26 g - 32 g.
ECHO MUSKY 9'4" / 286 cm #11 waga ok. 134 g. - 9'4″ jest dla tych, 
którzy wolą nieco dłuższą wędkę lub łowią z łodzi, gdzie dodatkowa długość jest do sięgnięcia w dół 
i wykonania tańca przy łodzi, aby zjeść z bliska. Muskies mają zaprojektowane okno gramatury/gramu 
400 gr -500 gr lub 26 g - 32 g.
,1795.00 ,,
147,Zestaw muchowy Echo Lift Kit,https://flyhouse.pl/pl/wedki-muchowe-echo-jednoreczne/zestaw-muchowy-echo-lift-kit.html#/9-klasa-4/74-akcja-med_fast/79-czesci-4/97-dlugosc-8_0_244cm/546-modele_wedek_echo-480,13,https://flyhouse.pl/977-large_default/zestaw-muchowy-echo-lift-kit.jpg,https://flyhouse.pl/3838-large_default/zestaw-muchowy-echo-lift-kit.jpg,,Echo Lift Kit
Zestaw:
,1050.00 ,,
148,Zestaw muchowy Echo Traverse Kit,https://flyhouse.pl/pl/wedki-muchowe-echo-jednoreczne/zestaw-muchowy-echo-traverse-kit.html#/9-klasa-4/60-dlugosc-9_274cm/74-akcja-med_fast/79-czesci-4/541-modele_wedek_echo-490,13,https://flyhouse.pl/978-large_default/zestaw-muchowy-echo-traverse-kit.jpg,https://flyhouse.pl/979-large_default/zestaw-muchowy-echo-traverse-kit.jpg,,w tym ION Reel i AirFlo Line. waga ok. 88 g
w tym ION Reel i AirFlo Line. waga ok. 96 g
w tym ION Reel i AirFlo Line. waga ok. 105 g
w tym ION Reel i AirFlo Line. waga ok. 116 g
Echo Traverse Kit
Zestaw:
,1480.00 ,,
149,Wędka muchowa Echo Geco,https://flyhouse.pl/pl/wedki-muchowe-echo-jednoreczne/-echo-geco.html#/9-klasa-4/56-dlugosc-7_6_229_cm/74-akcja-med_fast/79-czesci-4,13,https://flyhouse.pl/3840-large_default/-echo-geco.jpg,https://flyhouse.pl/3841-large_default/-echo-geco.jpg,,Gecko to najlepsze narzędzie wędkarskie dla dzieci. 
Dzięki skromnej, wyrozumiałej akcji i przyjaznej dzieciom/hipisowskiej estetyce, 
Gecko jest gotowy do akcji. Posiadając mały dolny uchwyt do rzucania oburącz, 
Gecko można łowić jedną lub dwiema rękami. Dostępny również jako zestaw wędka/kołowrotek/linka, 
który jest naciągnięty i przygotowany do wody.
ECHO GECKO PANFISH 7'6" / 231 cm #4 Wędka dla dzieci
ECHO GECKO TROUT 7'9" / 241 cm #5 Wędka dla dzieci
,675.00 ,,
150,Wędka do pokazu rzutów Echo Micro Practice Rod,https://flyhouse.pl/pl/nauka-rzutow/wedka-do-pokazu-rzutow-echo-micro-practice-rod.html#/586-modele_wedek_echo-mpr2,13,https://flyhouse.pl/983-large_default/wedka-do-pokazu-rzutow-echo-micro-practice-rod.jpg,,Micro Practice Rod
MPR - wędka z linką
MPRDL - konwerter na wędkę dwuręczną
MPRX2H - dodatkowa linka do double haul 
,222.00 ,,
